Animal Name,Representative Name
Squirrelfish,Squirrelfish
Groupers,Grouper
Grouper,Grouper
Sea turtles,Sea Turtle
Sea turtle,Sea Turtle
Trumpetfish,Trumpetfish
Trumpet fish,Trumpetfish
Congers,Congers
Barracudas,Baracuda
Barracuda,Baracuda
Baracuda,Baracuda
Eagle rays,Eagle Ray
Eagle ray,Eagle Ray
Eaglerays,Eagle Ray
Nurse sharks,Nurse Shark
Nurse shark,Nurse Shark
Saddleback fish,Saddleback Fish
Angelfish,Angelfish
Angel fish,Angelfish
Anglerfish,Anglerfish
Parrotfish,Parrotfish
Parrot fish,Parrotfish
Boxfish,Boxfish
Boxfishes,Boxfish
Damselfish,Damselfish
Damsel fish,Damselfish
Damselfishes,Damselfish
Porgies,Porgies
Soft corals,Soft Coral
Soft coral,Soft Coral
Goatfish,Goatfish
Cuttlefish,Cuttlefish
Cuttle fish,Cuttlefish
Jackfish,Jackfish
Pufferfish,Pufferfish
Puffer fish,Pufferfish
Snapper,Snaper
Snappers,Snaper
Snaper,Snaper
Scorpionfish,Scorpionfish
Scorpionfishes,Scorpionfish
Needlefish,Needlefish
Tethys fish,Tethys Fish
Sea slugs,Seaslug
Sea slug,Seaslug
Seaslug,Seaslug
Chaetonotids,Chaetonotids
Horseshoe crabs,Horseshoe Crabs
Horse shoe crab,Horseshoe Crabs
Requiem sharks,Requiem Sharks
Flatfish,Flatfish
Flatfishes,Flatfish
Stingrays,Stingray
Sting rays,Stingray
Stingray,Stingray
Sting ray,Stingray
Perch family,Perch Family
Lobster,Lobster
Lobsters,Lobster
Cod family,Cod Family
Cancer crabs,Cancer Crabs
Spider crabs,Spider Crab
Spider crab,Spider Crab
Sponges,Sponges
Luidia,Luidia
Eels,Eel
Eel,Eel
Catsharks,Catsharks
Sturgeons,Sturgeon
Sturgeon,Sturgeon
Cichlids,Cichlids
Thresher sharks,Thresher Shark
Thresher shark,Thresher Shark
Surgeonfish,Surgeonfish
Surgeonfishes,Surgeonfish
Elapids,Elapids
Seals,Seal
Seal,Seal
Wrasses,Wrasse
Wrasse,Wrasse
Flounders,Flounder
Flounder,Flounder
Grunts,Grunts
Grunters,Grunts
Octopuses,Octopus
Octopus,Octopus
Sculpins,Sculpins
King crabs,King Crabs
Gobies,Gobies
Mussels,Mussels
Mussles,Mussels
Eelpouts,Eelpouts
Moon jellyfish,Moon Jellyfish
Sand stars,Sea Stars
Sea stars,Seastars
Sunfish,Sunfish
Dreissenid mussels,Dreissenid Mussels
Drums,Drums
Megalodon,Megalodon
Catfish,Catfish
Cat fish,Catfish
Batfish,Catfish
Squid,Squid
Carpet sharks,Carpet Sharks
Starfish,Starfish
Starfishes,Starfish
Sand tiger sharks,Sand Tiger Shark
Sand tiger shark,Sand Tiger Shark
Soles,Sole
Sole,Sole
Pinnae,Pinnae
Sea cucumbers,Sea Cucumber
Sea cucumber,Sea Cucumber
Sea anemones,Sea Anemone
Sea anemone,Sea Anemone
Sea anemone fish,Sea Anemone
Weever fish,Weever Fish
Fanworms,Fanworms
Cardinalfish,Cardinalfish
Cardinal fish,Cardinalfish
Pike,Pike
Hermit crabs,Hermit Crab
Hermit crab,Hermit Crab
Wolf fish,Wolf Fish
Pipefish,Pipefish
Butterflyfish,Butterflyfish
Carps and minnows,Carps And Minnows
Moray eels,Moray Eel
Moray eel,Moray Eel
Morey eels,Moray Eel
Morey eel,Moray Eel
Rockfish,Rockfish
Rock fish,Rockfish
Heart urchins,Heart Urchins
Squat lobsters,Squat Lobster
Squat lobster,Squat Lobster
Scallops,Scallops
Whale sharks,Whaleshark
Whale shark,Whaleshark
Whalesharks,Whaleshark
Whaleshark,Whaleshark
Cods,Cod
Cod,Cod
Skates,Skates
Saber-toothed blennies,Saber-Toothed Blennies
Triggerfish,Tigerfish
Tigerfish,Tigerfish
Leatherjacket fish,Leatherjacket Fish
Eel blennies,Eel Blennies
Swimming crabs,Swimming Crabs
Box crabs,Box Crabs
Boxer crabs,Box Crabs
Toadfish,Toadfish
Toad fish,Toadfish
Toadfishes,Toadfish
Remoras,Remora
Remora,Remora
Calycid fishes,Calycid Fishes
Rhinid fish,Rhinid Fish
Hammerhead sharks,Hammerhead Shark
Hammerhead shark,Hammerhead Shark
African tetras,African Tetras
Clionid sponges,Clionid Sponges
Chalinid sponges,Clionid Sponges
Mullets,Mullet
Mullet,Mullet
Seahorse family,Seahorse Family
Metridid fish,Metridid Fish
Crawfish,Crawfish
Crayfish,Crawfish
Dorid nudibranchs,Dorid Nudibranchs
Bullhead sharks,Bullhead Sharks
Pistol shrimp,Pistol Shrimp
Snapping shrimp,Snapping Shrimp
Sea sponges,Sea Sponges
Sea Sponges,Sea Sponges
Blennies,Blennies
Limpets,Limpets
Redfishes,Redfish
Redfish,Redfish
Star corals,Star Corals
Staghorn corals,Staghorn Coral
Dendronotid nudibranchs,Dendronotid Nudibranchs
Portuguese man o' war,Portuguese Man O War
Fireworms,Fireworms
Fire worm,Fireworms
Pencilfish,Pencilfish
Pencil fish,Pencil Fish
Cockatoo cuttlefish,Cockatoo Cuttlefish
Mantis shrimp,Mantis Shrimp
Fire corals,Fire Corals
Sixgill sharks,Sixgill Sharks
Glassfish,Glassfish
Jawfish,Jawfish
Sawfish,Jawfish
Sandperch,Sandperch
Flatheads,Flatheads
Tarpons,Tarpon
Tarpon,Tarpon
Gorgonian corals,Gorgonian Corals
Lizardfish,Lizardfish
Lizardfishes,Lizardfish
Bonefish,Bonefish
Mackerel,Mackerel
Frogfishes,Frogfish
Frogfish,Frogfish
Prawns,Prawns
Oweniid worms,Oweniid Worms
Brain corals,Brain Coral
Brain coral,Brain Coral
Sea urchins,Sea Urchin
Sea urchin,Sea Urchin
Mud crabs,Mud Crabs
Oceanic whitetip sharks,Oceanic Whitetip Shark
Oceanic whitetip shark,Oceanic Whitetip Shark
Chimeras,Chimeras
Coral trout,Coral Trout
Cassididae,Cassididae
Moon snails,Moon Snails
Brittle stars,Brittle Star
Brittle star,Brittle Star
Brittlestars,Brittle Star
Basslets,Basslets
Zoanthids,Zoanthids
Sea fans,Sea Fan
Sea fan,Sea Fan
Cleaner shrimp,Cleaner Shrimp
Discosoma corals,Discosoma Corals
Cowries,Cowries
Serpulid worms,Serpulid Worms
Eledonid fish,Eledonid Fish
Cow sharks,Cow Sharks
Surfperches,Surfperches
Paddlefish,Paddlefish
Parachute fish,Parachute Fish
Sweeper fish,Sweeper Fish
Stonefish,Stonefish
Irciniid sponges,Irciniid Sponges
Dottybacks,Dottybacks
Round stingrays,Round Stingrays
Bobtail squid,Bobtail Squid
Round rays,Round Rays
Dolphins,Dolphins
Rabbitfish,Rabbitfish
Organ-pipe corals,Organ-Pipe Corals
Cockles,Cockles
Triplefin blennies,Triplefin Blennies
Herring,Herring
Guitarfish,Guitarfish
Guitar fish,Guitarfish
Eelgrass family,Eelgrass Family
Flatworms,Flatworm
Flatworm,Flatworm
Clingfish,Clingfish
Sticklebacks,Sticklebacks
Numbfish,Numbfish
Basket starfish,Basket Star
Basket stars,Basket Star
Basket star,Basket Star
Pricklebacks,Pricklebacks
Cusk eels,Cusk Eels
Antarctic rockcods,Antarctic Rockcods
Sunflower stars,Sunflower Stars
Firefly squids,Firefly Squids
Longfin,Longfin
Lanternsharks,Lanternsharks
Lumpfish,Lumpfish
Houndsharks,Houndsharks
Abalone,Abalone
Eared seals,Eared Seals
Rocklings,Rocklings
Sand lances,Sand Lances
Crown-of-thorns starfish,Crown-Of-Thorns Starfish
Salmon family,Salmon Family
Corallimorphs,Corallimorphs
Pelicans,Pelicans
Ghost pipefish,Ghostpipefish
Ghost pipe fish,Ghostpipefish
Ghostpipefish,Ghostpipefish
Ghostpipe fish,Ghostpipefish
Janolids,Janolids
Feather stars,Feather Stars
Dragonets,Dragonets
Mushroom corals,Mushroom Corals
Manatees,Manatee
Manatee,Manatee
Razor clams,Razor Clams
Dromiid crabs,Dromiid Crabs
Blenny,Blenny
Shrimps,Shrimp
Shrimp,Shrimp
Pandalid shrimp,Pandalid Shrimp
Pandeid shrimps,Pandalid Shrimp
Coral reef fish,Coral Reef Fish
Black corals,Black Coral
Black coral,Black Coral
Whelks,Whelks
Emydid turtles,Emydid Turtles
Ophidiasteridae,Ophidiasteridae
Sea spiders,Sea Spiders
Bamboo sharks,Bamboo Shark
Bamboo shark,Bamboo Shark
Dogfish,Dogfish
Hogfish,Dogfish
Stargazers,Stargazers
Blanket octopuses,Blanket Octopuses
Tube-dwelling anemones,Tube-Dwelling Anemones
Deepsea smelts,Deepsea Smelts
Schizopids,Schizopids
Snailfish,Snailfish
Glaucostegid fishes,Glaucostegid Fishes
Clam shrimp,Clam Shrimp
Dysideid sponges,Dysideid Sponges
Biemnid fish,Biemnid Fish
Angel sharks,Angelshark
Angel shark,Angelshark
Angelshark,Angelshark
Silversides,Silversides
Electric rays,Electric Ray
Electric ray,Electric Ray
Chondrosidae,Chondrosidae
Porcelain crabs,Porcelain Crabs
Tripedaliid jellyfish,Tripedaliid Jellyfish
Penaeid shrimp,Penaeid Shrimp
Terebellid worms,Terebellid Worms
Flying fish,Flying Fish
Stony corals,Stony Corals
Golfish.,Golfish
John dory,John Dory
Flying gurnards,Flying Gurnard
Flying gurnard,Flying Gurnard
Upside-down jellyfish,Upside-Down Jellyfish
Sergestid shrimp,Sergestid Shrimp
Cepheid fish,Cepheid Fish
Land hermit crabs,Land Hermit Crabs
Oysters,Oysters
Stylasteridae,Stylasteridae
Mitrocomids,Mitrocomids
Carpiliid crabs,Carpiliid Crabs
Dendrophylliid corals,Dendrophylliid Corals
Mackerel sharks,Mackerel Sharks
Berycids,Berycids
Carpet anemones,Carpet Anemones
Seahorses,Seahorse
Seahorse,Seahorse
Sea squirts,Sea Squirts
Sea hares,Sea Hare
Sea hare,Sea Hare
Mola fish,Mola Fish
Aegirids,Aegirids
Cup corals,Cup Corals
Leptastrea fish,Leptastrea Fish
Opah,Opah
Sea pens,Sea Pens
Spirastrellid sponges,Spirastrellid Sponges
Crambe fish,Crambe Fish
Bitterlings,Bitterlings
Sleeper gobies,Sleeper Gobies
Glass squids,Glass Squids
Tree dorids,Tree Dorids
Plagusiid crabs,Plagusiid Crabs
Tropical anglerfish,Tropical Anglerfish
Samarid fish,Samarid Fish
Dwarf sculpins,Dwarf Sculpins
Emperor fish,Emperor Fish
Eel-tailed catfish,Eel-Tailed Catfish
Lanternfish,Lanternfish
Kelp,Kelp
Cormorants,Cormorant
Cormorant,Cormorant
Myrrhine fish,Myrrhine Fish
Bolinopsid fishes,Bolinopsid Fishes
Hawkfish,Hawkfish
Carpet corals,Carpet Corals
Nereid worms,Nereid Worms
Firefish,Firefish
Filefish,Filefish
Squillids,Squillids
Bubblers,Bubblers
Corynid fish,Corynid Fish
Ranafish,Ranafish
Pacu,Pacu
Abylid fish,Abylid Fish
Rorquals,Rorquals
Bigeyes,Bigeyes
Lobophyllia corals,Lobophyllia Corals
Soleidae,Soleidae
Glass sponges,Glass Sponges
Synaptids,Synaptids
Coral fish,Cray Fish
Cray fish,Cray Fish
Clathrinid eels,Clathrinid Eels
Bonelliid rays,Bonelliid Rays
Characins,Characins
Sarcophagidae,Sarcophagidae
Acorn barnacles,Acorn Barnacles
Shark catfish,Shark Catfish
Skeleton shrimp,Skeleton Shrimp
Polybiid eels,Polybiid Eels
Bullhead sculpins,Bullhead Sculpins
Pataecid fish,Pataecid Fish
Sea robins,Sea Robins
Antarctic cod,Antarctic Cod
Glycerid worms,Glycerid Worms
Snook,Snook
Crabs,Crab
Crab,Crab
Suckers,Suckers
Dugongs,Dugongs
Silkfish,Silkfish
Nautilus,Nautilus
Halfbeaks,Halfbeaks
Billfish,Billfish
Dogfish sharks,Dogfish Sharks
Amphipods,Amphipods
Frigatebirds,Frigatebirds
Anchovies,Anchovies
Iguanas,Iguanas
Boobies and gannets,Boobies And Gannets
Cycloteuthid squids,Cycloteuthid Squids
Asteropseid fish,Asteropseid Fish
Bluebottle jellyfish,Bluebottle Jellyfish
Rocketfishes,Rocketfishes
Porpoises,Porpoises
Syconidae,Syconidae
Sand stargazers,Sand Stargazers
Codium,Codium
Mycalid sponges,Mycalid Sponges
Argonauts,Argonauts
Zebra sharks,Zebra Shark
Zebra shark,Zebra Shark
Mushroom jellyfish,Mushroom Jellyfish
Ianthellid sponges,Ianthellid Sponges
Green algae,Green Algae
Gulls,Gulls
Ellisellid corals,Ellisellid Corals
Rhizangiid fishes,Rhizangiid Fishes
Thornyheads,Thornyheads
Heteractis anemones,Heteractis Anemones
Ghost crabs,Ghost Crabs
Moonyfish,Moonyfish
Lates,Lates
Oplophid shrimp,Oplophid Shrimp
Tilefish,Tilefish
Venus clams,Venus Clams
Funnel-web spiders,Funnel-Web Spiders
Callanthias,Callanthias
Darwin's fishes,Darwins Fishes
Hakes,Hakes
Bichir,Bichir
Freshwater mussels,Freshwater Mussels
Icefish,Icefish
Gracilaria,Gracilaria
Pillow sponges,Pillow Sponges
Yellow sponges,Pillow Sponges
Feather duster worms,Feather Duster Worms
Tonguefish,Tonguefish
Chondrichthyes,Chondrichthyes
Ribbonfish,Ribbonfish
Lactariid fish,Lactariid Fish
Coelacanths,Coelacanths
Penguins,Penguins
Bightfish,Bightfish
Bopyrid isopods,Bopyrid Isopods
Box jellyfish,Box Jellyfish
Beroe jellyfish,Box Jellyfish
Diphyid fish,Diphyid Fish
Goneplacid crabs,Goneplacid Crabs
Sicyoniid shrimp,Sicyoniid Shrimp
Sleeper sharks,Sleeper Sharks
Erythroponid fish,Erythroponid Fish
Sea toadfish,Sea Toadfish
Rhopalonematidae,Rhopalonematidae
Desmacidids,Desmacidids
Valonia algae,Valonia Algae
Banded fusiliers,Banded Fusiliers
Roly-polies,Roly-Polies
Herons and bitterns,Herons And Bitterns
Keyhole limpets,Keyhole Limpets
Ghost shrimp,Ghost Shrimp
Ghost shrimps,Ghost Shrimp
Zoroaster fish,Zoroaster Fish
Cobia,Cobia
Plerogyrid fishes,Plerogyrid Fishes
Pomfrets,Pomfrets
Prochilodontids,Prochilodontids
Piranha,Piranha
Colossendeid amphipods,Colossendeid Amphipods
Bonytongues,Bonytongues
Carpenterfish,Carpenterfish
Sargassum,Sargassum
Leatherback turtles,Leatherback Turtles
Leatherback sea turtle,Leatherback Turtles
Swamp eels,Swamp Eels
Spurge family,Spurge Family
Kurtus fish,Kurtus Fish
Thorids,Thorids
Lampeye fish,Lampeye Fish
Sailfin catfish,Sailfin Catfish
Crocodiles,Crocodiles
Cyttid fish,Cyttid Fish
Top snails,Top Snails
Sand dollars,Sand Dollars
Cone snails,Cone Snails
Atyid shrimp,Atyid Shrimp
Spongicolid fish,Spongicolid Fish
Snipefish,Snipefish
Smelts,Smelts
Xenia corals,Xenia Corals
Spoonfishes,Spoonfishes
Placosponges,Placosponges
Eucalanid copepods,Calanoid Copepods
Calanoid copepods,Calanoid Copepods
Lubbock's fish,Lubbocks Fish
Oncaeid copepods,Oncaeid Copepods
Aegisthid blennies,Aegisthid Blennies
Spiny eels,Spiny Eels
Prawn gobies,Prawn Gobies
Diatoms,Diatoms
Arrow worms,Arrow Worms
Poachers,Poachers
Subergorgiidae,Subergorgiidae
Gold coral,Gold Coral
Feather corals,Feather Corals
Sea catfish,Sea Catfish
Olindiid fish,Olindiid Fish
Akeridae,Akeridae
Spiny sharks,Spiny Sharks
False hammerhead sharks,False Hammerhead Sharks
Dumbo octopus,Dumbo Octopus
Glaucid fish,Glaucid Fish
Suckermouth catfish,Suckermouth Catfish
Bell jellyfish,Bell Jellyfish
Moorish idols,Moorish Idol
Moorish idol,Moorish Idol
Hydractinia,Hydractinia
Pigfish,Pigfish
Stylid fish,Stylid Fish
Krill,Krill
Scolecitrichids,Scolecitrichids
Pea crabs,Pea Crabs
Calliopiid snails,Calliopiid Snails
Copepods,Copepods
Isopods,Isopods
Pillbox crabs,Pillbox Crabs
Flamingo fish,Flamingo Fish
Chaetiliid eels,Chaetiliid Eels
Eunicid worms,Eunicid Worms
Sea mice,Sea Mice
Horseshoe worms,Horseshoe Worms
Desmacellid sponges,Desmacellid Sponges
Waterweed,Waterweed
Rattlebox family,Rattlebox Family
Drummer fish,Drum Fish
Drum fish,Drum Fish
Lung snails,Lung Snails
Eubranchid eels,Eubranchid Eels
Blind catfishes,Blind Catfishes
Sandfish,Sandfish
Freshwater sponges,Freshwater Sponges
African knifefish,African Knifefish
Snake mackerels,Snake Mackerels
Dartfish,Dartfish
Clam,Clam
River stingrays,River Stingrays
Arapaima,Arapaima
Whiting,Whiting
Serrated eels,Serrated Eels
Petalidiid fish,Petalidiid Fish
Pontellid copepods,Pontellid Copepods
Seagrasses,Seagrass
Seagrass,Seagrass
Ovalipids,Ovalipids
Brown algae,Brown Algae
Liver catfishes,Liver Catfishes
Livebearers,Livebearers
Velvetfish,Velvetfish
Hippopotamuses,Hippopotamuses
Erythrinids,Erythrinids
Loaches,Loaches
Giant silversides,Giant Silversides
Archerfish,Archerfish
Argentines,Argentines
Ladyfish,Ladyfish
Pencil catfish,Pencil Fish
Atoll fish,Atoll Fish
Lampridids,Lampridids
Land crabs,Land Crabs
Baleen whales,Baleen Whales
Cockatoo fish,Cockatoo Fish
Acanthephyrid shrimp,Acanthephyrid Shrimp
Marginellids,Marginellids
Sea worms,Sea Worms
Pleurobranchs,Pleurobranchs
Iphimediid fishes,Iphimediid Fishes
Manta ray,Manta Ray
Manta rays,Manta Ray
Clownfish,Cowfish
Clown fish,Cowfish
Cowfish,Cowfish
Boxfish / pufferfish,Boxfish Pufferfish
Nudibranch,Nudibranch
Nudibranchs,Nudibranch
Nudibranchs!,Nudibranch
Trumpetfish / pipefish,Trumpetfish Pipefish
Rays,Ray
Ray,Ray
Coral,Coral
Corals,Coral
Weedy sea dragon,Weedy Sea Dragon
Wobbegong sharks,Wobbegong Shark
Wobbegong shark,Wobbegong Shark
Wobbygong shark,Wobbegong Shark
Grey nurse sharks,Grey Nurse Shark
Grey nurse shark,Grey Nurse Shark
Port jackson shark,Port Jackson Shark
Port jackson sharks,Port Jackson Shark
Bannerfish,Bannerfish
Hawksbill turtle,Hawksbill Turtle
Hawksbill turtles,Hawksbill Turtle
Hawksbill sea turtle,Hawksbill Turtle
Jellyfish,Jellyfish
Jelly fish,Jellyfish
Whitetip reef shark,Whitetip Reef Shark
Whitetip reef sharks,Whitetip Reef Shark
Blue groper,Blue Groper
Red indian fish,Red Indian Fish
Eastern blue devil fish,Eastern Blue Devil Fish
Fish,Fish
Lionfish,Lionfish
Sea snake,Sea Snake
Sea snakes,Sea Snake
Giant cuttlefish,Giant Cuttlefish
Leaffish,Leaffish
Leaf fish,Leaffish
Napoleon fish,Napoleon Fish
Blacktip reef shark,Blacktip Shark
Black tip reef shark,Blacktip Shark
Blacktip reef sharks,Blacktip Shark
Blacktip shark,Blacktip Shark
Grey sharks,Grey Sharks
Silvertip sharks,Silvertip Shark
Silvertip shark,Silvertip Shark
Salpe,Salpe
Mobula rays,Mobula Ray
Mobular rays,Mobula Ray
Mobula ray,Mobula Ray
Turtle,Turtle
Turtles,Turtle
Reef fish ( scorpionfish,Reef Fish Scorpionfish
Sweetlips,Sweetlips
Lionfish etc),Lionfish Etc
Comet fish,Comet Fish
Tiger shark,Tiger Shark
Lemon shark,Lemon Shark
Reef fish,Reef Fish
Bream,Bream
Old wives,Old Wive
Old wive,Old Wive
Gray reef shark,Gray Reef Shark
Grey reef shark,Gray Reef Shark
Blue-ringed octopus,Bluering Octopus
Blue ringed octopus,Bluering Octopus
Bluering octopus,Bluering Octopus
Trout,Trout
Pelagic fish,Pelagic Fish
Cownose ray,Cownose Ray
Common dolphin,Common Dolphin
Freshwater fish,Freshwater Fish
Freshwater crayfish,Freshwater Fish
Freshwater jellyfish,Freshwater Fish
Honeycomb moray,Honeycomb Moray
Sharks,Sharks
Sunfish (mola mola),Sunfish Mola Mola
Sea lion,Sealion
Sea lions,Sealion
Sealion,Sealion
Tuna,Tuna
Giant moray,Giant Moray
Garden eels,Garden Eels
Ribbon eel,Ribbon Eel
Gorgonian fan,Gorgonian Fan
Bottlenose dolphin,Bottlenose Dolphin
Leopard shark,Leopard Shark
Loggerhead turtle,Loggerhead Turtle
Mobula,Mobula
Guitar shark,Guitar Shark
Galapagos sharks,Galapagos Sharks
Humpback whale,Humpback Whale
Hump back wahles,Humpback Whale
Minke whale,Minke Whale
Butterfly ray,Butterfly Ray
Green turtle,Green Turtle
Green turtles,Green Turtles
Green sea turtle,Green Turtles
Rainbow wrasse,Rainbow Wrasse
Perch,Perch
Swordfish,Swordfish
Goldsinny wrasse,Goldsinny Wrasse
Common cuttlefish,Common Cuttlefish
Carp,Carp
Anemone fish,Anemone Fish
Ornate ghost pipefish,Ornate Ghost Pipefish
Yellow lipped seakraite,Yellow Lipped Seakraite
Sharks (white tip reef shark,Sharks White Tip Reef Shark
Cat sharks etc),Cat Sharks Etc
Reef manta,Reef Manta
Ornate wrasse,Ornate Wrasse
Humphead parrotfish,Humphead Parrotfish
Jenkins ray,Jenkins Ray
Common stingray,Common Stingray
Seabream,Seabream
Amberjack,Amberjack
Amber jack,Amberjack
Kingfish,Kingfish
Roncadors (grunts),Roncadors Grunts
Common octopus,Common Octopus
Filefishes,Filefish
File fish,Filefish
Bull ray,Bull Ray
Bull rays,Bull Ray
Yellowtail,Yellowtail
Green sea turtles,Green Turtles
Whitemouth moray,Whitemouth Moray
Reef sharks,Reef Shark
Reef shark,Reef Shark
Muray,Muray
Green moray eel,Green Moray
Green moray,Green Moray
Bull shark,Bull Shark
Bluegill,Bluegill
Blue gill,Bluegill
Bass,Bass
Crappie,Crappie
Manta,Manta
Mantas,Manta
Blue shark,Blue Shark
Mako shark,Mako Shark
Anemones,Anemones
Fusilier,Fusilier
Sea otter,Sea Otter
Harbor seal,Harbor Seal
Kelp forest,Kelp Forest
Kelp forests,Kelp Forest
Seastars,Seastars
Fur seal,Fur Seal
Pygmy seahorses,Pygmy Seahorse
Pygmy seahorse,Pygmy Seahorse
Pygmy sea hose,Pygmy Seahorse
Blue spotted stingray,Blue Spotted Ray
Bluespotted stingray,Blue Spotted Ray
Blue spotted ray,Blue Spotted Ray
Pollack,Pollack
Large mouth bass,Largemouth Bass
Largemouth bass,Largemouth Bass
Goliath grouper,Goliath Grouper
Caribbean reef shark,Caribbean Reef Shark
Snake eel,Snake Eel
Striped bass,Striped Bass
Stripped bass,Striped Bass
Garibaldi,Garibaldi
Sheepshead,Sheepshead
Calico bass,Calico Bass
Giant black sea bass (wreck fish),Giant Black Sea Bass Wreck Fish
Blue banded gobi,Blue Banded Gobi
White sea bass,White Sea Bass
Kuhl’s stingray,Kuhls Stingray
Kuhls stingray,Kuhls Stingray
Feathertail ray,Feathertail Ray
Soldierfish,Soldierfish
Emperors,Emperors
Rudd,Rudd
White spotted eagle ray,White Spotted Eagle Ray
Oceanic manta,Oceanic Manta
Yellowfins tuna,Yellowfins Tuna
Trevally,Trevally
Conger eel,Conger Eel
Conger eal,Conger Eel
Blue-fin damselfish,Blue-Fin Damselfish
Zebra (leopard) shark,Zebra Leopard Shark
Sergeant major,Sergent Mayor
Sargeant majors,Sergent Mayor
Sergent mayor,Sergent Mayor
Red snapper,Red Snapper
Bluestripe snapper (invasive),Bluestripe Snapper Invasive
Sardines,Sardines
Small mouth bass,Smallmouth Bass
Smallmouth bass,Smallmouth Bass
Walleye,Walleye
Turtles (green and hawksbill),Turtles Green And Hawksbill
Pipehorse,Pipehorse
Great white shark,Great White Shark
Grey angelfish,Grey Angelfish
Rock beauty,Rock Beauty
Foureye butterflyfish,Foureye Butterflyfish
Peacock grouper (invasive),Peacock Grouper Invasive
Pork fish,Pork Fish
Golden trevally,Golden Trevally
Spadefish,Spadefish
Colourful wrasse species,Colourful Wrasse Species
Trunkfish,Trunkfish
Trunk fish,Trunkfish
Southern stingray,Souther Stingray
Southern stingrays,Souther Stingray
Souther stingray,Souther Stingray
Striper,Striper
Stripes,Striper
White bass,White Bass
Long-nose gar,Long-Nose Gar
Snook fish,Snook Fish
Tge biggest brain corals,Tge Biggest Brain Corals
Elkhorns,Elkhorns
Etc,Etc
Wolf eel,Wolf Eel
Giant pacific octopus,Giant Pacific Octopus
Hammerheads,Hammerheads
Tench,Tench
Sailfin sculpin,Sailfin Sculpin
Grunt sculpin,Grunt Sculpin
Dentex,Dentex
Thornback ray,Thornback Ray
Yellow goat fish,Yellow Goat Fish
Spotted goatfish,Spotted Goatfish
Bluehead,Bluehead
Yellowhead wrasse,Yellowhead Wrasse
Blue chromis,Blue Chromis
French grunt,French Grunt
Spinner dolphin,Spinner Dolphin
Hawaiian endemic (native) species,Hawaiian Endemic Native Species
Hawaiian monk seal,Hawaiian Monk Seal
Spotted moray eel,Spotted Moray Eel
Jack species,Jack Species
Marbled electric ray,Marbled Electric Ray
Giant clam,Giant Clam
Anthias,Anthias
Salmon,Salmon
Rainbow trout,Rainbow Trout
Mola mola,Mola Mola
Bumper head parrarot fish,Bumper Head Parrarot Fish
Devil ray,Devil Ray
Hecht,Hecht
Barsch,Barsch
Krebs,Krebs
Schleie,Schleie
Egli,Egli
Wide range of reef fish,Wide Range Of Reef Fish
Atlantic torpedo ray,Atlantic Torpedo Ray
Atlantic ray,Atlantic Ray
Sole fish,Sole Fish
Spotted eel,Spotted Eel
Pez angel,Pez Angel
Queen angelfish,Queen Angelfish
Blue angelfish,Blue Angelfish
Stone crab,Stone Crab
Indian walkman,Indian Walkman
Pygmy pipehorse,Pygmy Pipehorse
Juvenile fish (macro),Juvenile Fish Macro
Harlequin shrimp,Harlequin Shrimp
Moraine eel,Moraine Eel
Rhinophias,Rhinophias
Astroides calycularis,Astroides Calycularis
Scrapie,Scrapie
Eagle stripes,Eagle Stripes
Slipper lobster,Slipper Lobster
Peacock flounder,Peacock Flounder
Peacock mantis shrimp,Peacock Mantis Shrimp
Macro,Macro
Goby,Goby
Red coral,Red Coral
Gorgonians,Gorgonians
Ballan wrasse,Ballan Wrasse
Forkbeard,Forkbeard
Coral reef,Coral Reef
Zurich fish,Zurich Fish
Aborre,Aborre
Spotted eagle ray,Spotted Eagle Ray
Burbot,Burbot
Mandarinfish,Mandarinfish
Crustaceans,Crustaceans
Snoek,Snoek
Baars,Baars
Salema,Salema
Morena,Morena
Sharks (grey reef/oceanic white tip/silky/hammerhead/whale/tiger/sandbar) nudibranches,Sharks Grey Reefoceanic White Tipsilkyhammerheadwhaletigersandbar Nudibranches
Octos,Octos
Mere,Mere
Black seabass,Black Seabass
Sea moth,Sea Moth
Shovel nose ray,Shovel Nose Ray
Bowmouth,Bowmouth
Leopard ray,Leopard Ray
Oceanic blacktip shark,Oceanic Blacktip Shark
Sandbar shark,Sandbar Shark
Black canary mongrel,Black Canary Mongrel
Roncadores,Roncadores
Old red,Old Red
Minnow,Minnow
Spearing mantis shrimp,Spearing Mantis Shrimp
Dusky shark,Dusky Shark
King mackerel,King Mackerel
Giant manta ray,Giant Manta Ray
Arrow crab,Arrow Crab
Scorfano,Scorfano
Croaker,Croaker
Flamingo tong,Flamingo Tong
Box/pufferfish,Boxpufferfish
Manatee (dugong),Manatee Dugong
Acropora,Acropora
Silky shark,Silky Shark
Sheep nudi,Sheep Nudi
Devil sea walker,Devil Sea Walker
Crinoid shrimp,Crinoid Shrimp
Decorator crab,Decorator Crab
Flamboyant cuttlefish,Flamboyant Cuttlefish
Crown of thorns seastar,Crown Of Thorns Seastar
Table coral,Table Coral
Staghorn coral,Staghorn Coral
Cuttlefish / sepia,Cuttlefish Sepia
White eyed moray eel,White Eyed Moray Eel
Rigid shrimpfish,Rigid Shrimpfish
Crocodile fish,Crocodile Fish
Spiny lobster,Spiny Lobster
Porcupinefish,Porcupinefish
Porcupine fish,Porcupinefish
Paperfish,Paperfish
Damsel,Damsel
Various bream,Various Bream
Seabass,Seabass
Sea bass,Seabass
Spanish slipper lobster,Spanish Slipper Lobster
Black durgon,Black Durgon
Spotted drum,Spotted Drum
Elkhorn corals,Elkhorn Corals
Tube sponge,Tube Sponge
Chubs,Chubs
Yellowhead jawfish,Yellowhead Jawfish
Tablecloth,Tablecloth
Scorpora,Scorpora
Hamlet,Hamlet
Gold welts,Gold Welts
Conchs,Conchs
Conches,Conchs
Skorpion,Skorpion
Eals,Eals
Langustas,Langustas
Crabs - harbour,Crabs - Harbour
Edible,Edible
Velvet swimming,Velvet Swimming
Tompot blenny,Tompot Blenny
Jewel anemone,Jewel Anemone
Snakelocks anemone,Snakelocks Anemone
Fairy basslet,Fairy Basslet
Hard coral,Hard Coral
Speckled eagle ray,Speckled Eagle Ray
Ragged tooth sharks,Ragged Tooth Sharks
Snoekbaars,Snoekbaars
Paling,Paling
Kreeft,Kreeft
White tip sharks,White Tip Sharks
Snails,Snails
Barrel sponge,Barrel Sponge
Boxer shrimp,Boxer Shrimp
Mimic octopus,Mimic Octopus
Wonderpus,Wonderpus
Tree coral,Tree Coral
Banded snake eel,Banded Snake Eel
Freshwater goby,Freshwater Goby
Black bus,Black Bus
Seagrass...,Seagrass
Dotto,Dotto
Marble ray,Marble Ray
Peacock wrasse,Peacock Wrasse
Painted comber,Painted Comber
Tautog,Tautog
American eel,American Eel
Tripplefins,Tripplefins
Tooth,Tooth
Sea raven,Sea Raven
Serpent eel,Serpent Eel
Monk seals,Monk Seals
